[
    { "_id": 123, "topic": "Web Development", "userName": "ReactJS",
   "title": "React is a free and open-source front-end JavaScript library for building user interfaces based on components",
   "time": "2h",   "image": "React.jpg" },
    { "_id": 234, "topic": "Web Dev",   "userName": "JavaScript",
    "title": "JavaScript is a lightweight interpreted programming language",
    "time": "2h",   "image": "JS.jpg" },
    { "_id": 345, "topic": "Web Development",  "userName": "jQuery",
    "title": "After years of delay, jQuery can drive you to work while you work, play, or sleep",
    "time": "4d",   "image": "JQuery.jpg" },
    { "_id": 456, "topic": "Open-source Server",  "userName": "NodeJS",
    "title": "A pure javascript JPEG encoder and decoder",
    "time": "4d",   "image": "NodeJS.jpg" }
]