[
    {
      "_id": 123,
      "userName": "Bob",
      "handle": "bob",
      "avatarIcon": "Bob.jpg"
    },
    {
      "_id": 234,
      "userName": "Alice",
      "handle": "alice",
      "avatarIcon": "Alice.jpg"
    },
    {
      "_id": 345,
      "userName": "CuteCat",
      "handle": "cutecat",
      "avatarIcon": "Cat.jpg"
    },
    {
        "_id": 456,
        "userName": "JS",
        "handle": "js",
        "avatarIcon": "JS.jpg"
    },
    {
        "_id": 567,
        "userName": "NodeJS",
        "handle": "nodejs",
        "avatarIcon": "NodeJS.jpg"
    }
]
   