[
    {   "_id": 123, 
        "topic": "Web Development", 
        "userName": "ReactJS",
        "title": "React is a free and open-source front-end JavaScript library for building user interfaces based on components",
        "time": "2h",   
        "image": "React.jpg",
        "liked": true,
        "replies": 123,
        "retuits": 432,
        "likes": 2345,
        "disliked": false,
        "dislikes": 15,
        "handle": "@reactjs",
        "tuit": "You want to wake up in the morning and think the future is going to be great - and that’s what being a spacefaring civilization is all about. It’s about believing in the future and thinking that the future will be better than the past. And I can’t think of anything more exciting than going out there and being among the stars"
    },
    {   "_id": 234, 
        "topic": "Web Dev",  
        "userName": "JavaScript",
        "title": "JavaScript is a lightweight interpreted programming language",
        "time": "2h",   
        "image": "JS.jpg",
        "liked": false,
        "replies": 334,
        "retuits": 564,
        "likes": 2587,
        "disliked": true,
        "dislikes": 5,
        "handle": "@javascript",
        "tuit": "Lorem ipsum dolor sit amet, consectetur adipiscing elit. Etiam vel ipsum et elit dictum euismod quis vitae purus. Donec pulvinar tellus ante, ullamcorper luctus purus volutpat eget. Aliquam posuere neque turpis, vel blandit leo sodales at."
    },
    {   "_id": 345, 
        "topic": "Web Development",  
        "userName": "jQuery",
        "title": "After years of delay, jQuery can drive you to work while you work, play, or sleep",
        "time": "4d",   
        "image": "JQuery.jpg",
        "liked": true,
        "replies": 333,
        "retuits": 267,
        "likes": 8872,
        "disliked": false,
        "dislikes": 8,
        "handle": "@jquery",
        "tuit": "Vivamus mattis augue vel leo vulputate, a accumsan lorem dapibus. Ut enim ipsum, pellentesque non porta ac, lobortis eget felis. Aliquam finibus libero convallis euismod placerat. "
    },
    {   "_id": 456, 
        "topic": "Open-source Server",  
        "userName": "NodeJS",
        "title": "A pure javascript JPEG encoder and decoder",
        "time": "4d",   
        "image": "NodeJS.jpg",
        "liked": true,
        "replies": 168,
        "retuits": 342,
        "likes": 1237,
        "disliked": false,
        "dislikes": 11,
        "handle": "@nodejs",
        "tuit": "Morbi et accumsan erat. Vestibulum aliquam, velit vel feugiat suscipit, risus neque egestas diam, ut malesuada nibh nunc quis erat. Donec vulputate sapien tortor, ut tincidunt sapien placerat sit amet."
    }
]